Mlig_geneID	Hsap_geneID	CellCycleState	Obs
Mlig455_045254	MCM5	S	-
Mlig455_069174	MCM5	S	
Mlig455_025289	PCNA	S	-
Mlig455_025291	PCNA	S	-
Mlig455_025317	PCNA	S	-
Mlig455_052055	TYMS	S	-
Mlig455_004619	MCM2	S	-
Mlig455_004654	MCM2	S	-
Mlig455_004721	MCM2	S	-
Mlig455_064836	MCM4	S	-
Mlig455_000115	RRM1	S	-
Mlig455_000131	RRM1	S	-
Mlig455_016580	UNG	S	-
Mlig455_016635	UNG	S	-
Mlig455_009328	GINS2	S	-
Mlig455_037008	GINS2	S	-
Mlig455_010637	MCM6	S	-
Mlig455_010726	MCM6	S	-
N.A.	CDCA7	S	-
Mlig455_000486	DTL	S	-
Mlig455_000522	DTL	S	-
Mlig455_033987	PRIM1	S	-
Mlig455_060377	PRIM1	S	-
Mlig455_003049	UHRF1	S	-
Mlig455_003254	UHRF1	S	-
Mlig455_003341	UHRF1	S	-
N.A.	MLF1IP	S	-
Mlig455_031244	HELLS	S	-
Mlig455_031298	HELLS	S	-
Mlig455_031330	HELLS	S	-
Mlig455_028087	RFC2	S	-
Mlig455_028261	RFC2	S	-
Mlig455_019239	RPA2	S	-
Mlig455_035539	RPA2	S	-
Mlig455_010017	NASP	S	-
Mlig455_010059	NASP	S	-
Mlig455_063261	NASP	S	-
N.A.	RAD51AP1	S	-
Mlig455_038164	WDR76	S	-
Mlig455_038214	WDR76	S	-
Mlig455_038289	WDR76	S	-
Mlig455_007759	SLBP	S	-
Mlig455_053465	SLBP	S	-
Mlig455_053469	SLBP	S	-
Mlig455_056584	SLBP	S	-
Mlig455_056605	SLBP	S	-
Mlig455_056674	SLBP	S	-
Mlig455_056679	SLBP	S	-
N.A.	CCNE2	S	-
Mlig455_060881	UBR7	S	-
Mlig455_037558	MSH2	S	-
Mlig455_057319	MSH2	S	-
Mlig455_063357	ATAD2	S	-
Mlig455_031243	RAD51	S	-
Mlig455_031250	RAD51	S	-
Mlig455_031297	RAD51	S	-
Mlig455_031332	RAD51	S	-
Mlig455_026091	RRM2	S	-
Mlig455_026222	RRM2	S	-
Mlig455_026257	RRM2	S	-
Mlig455_043139	RRM2	S	-
Mlig455_048997	CDC45	S	-
Mlig455_049014	CDC45	S	-
Mlig455_067752	CDC45	S	-
Mlig455_028006	CDC6	S	-
Mlig455_028036	CDC6	S	-
Mlig455_023954	EXO1	S	-
Mlig455_069859	EXO1	S	-
Mlig455_014588	TIPIN	S	-
Mlig455_029032	DSCC1	S	-
Mlig455_025853	BLM	S	-
Mlig455_025915	BLM	S	-
Mlig455_025947	BLM	S	-
N.A.	CASP8AP2	S	-
Mlig455_040804	USP1	S	-
Mlig455_006066	CLSPN	S	-
Mlig455_068050	CLSPN	S	-
Mlig455_032713	POLA1	S	-
Mlig455_053882	CHAF1B	S	-
Mlig455_055352	CHAF1B	S	-
Mlig455_055406	CHAF1B	S	-
Mlig455_022869	BRIP1	S	-
N.A.	E2F8	S	-
Mlig455_004524	HMGB1	G2	-
Mlig455_023934	HMGB1	G2	-
Mlig455_028523	HMGB1	G2	-
Mlig455_015053	CDK1	G2	-
Mlig455_040044	CDK1	G2	-
N.A.	NUSAP1	G2	-
Mlig455_001481	UBE2C	G2	-
Mlig455_032185	UBE2C	G2	-
Mlig455_051193	UBE2C	G2	-
Mlig455_062961	UBE2C	G2	-
Mlig455_034121	BIRC5	G2	-
Mlig455_045295	BIRC5	G2	-
Mlig455_010482	TPX2	G2	low-qual
Mlig455_061896	TPX2	G2	low-qual
Mlig455_003156	TOP2A	G2	-
Mlig455_003355	TOP2A	G2	-
Mlig455_024126	TOP2A	G2	-
Mlig455_054465	TOP2A	G2	-
Mlig455_054466	TOP2A	G2	low-qual
Mlig455_055865	TOP2A	G2	-
Mlig455_054840	NDC80	G2	low-qual
Mlig455_042106	CKS2	G2	-
N.A.	NUF2	G2	-
Mlig455_002559	CKS1B	G2	-
Mlig455_057911	CKS1B	G2	-
N.A.	MKI67	G2	-
N.A.	TMPO	G2	-
N.A.	CENPF	G2	-
Mlig455_011246	TACC3	G2	-
Mlig455_011324	TACC3	G2	
N.A.	FAM64A	G2	-
Mlig455_007119	SMC4	G2	-
Mlig455_007156	SMC4	G2	-
Mlig455_039704	CCN2B	G2	CCN1B?
N.A.	CKAP2L	G2	-
N.A.	CKAP2	G2	-
N.A.	AURKB	G2	-
N.A.	BUB1	G2	-
N.A.	KIF11	G2	-
Mlig455_017168	ANP32E	G2	-
Mlig455_048117	ANP32E	G2	low-qual
Mlig455_001635	TUBB4B	G2	-
Mlig455_013943	TUBB4B	G2	-
Mlig455_013945	TUBB4B	G2	-
Mlig455_014122	TUBB4B	G2	-
Mlig455_014131	TUBB4B	G2	-
Mlig455_016864	TUBB4B	G2	-
Mlig455_022281	TUBB4B	G2	-
Mlig455_022282	TUBB4B	G2	-
Mlig455_029663	TUBB4B	G2	-
Mlig455_030042	TUBB4B	G2	-
Mlig455_030080	TUBB4B	G2	-
Mlig455_030166	TUBB4B	G2	-
Mlig455_032486	TUBB4B	G2	-
Mlig455_034652	TUBB4B	G2	-
Mlig455_039346	TUBB4B	G2	-
Mlig455_039350	TUBB4B	G2	-
Mlig455_048233	TUBB4B	G2	-
Mlig455_048234	TUBB4B	G2	-
Mlig455_048267	TUBB4B	G2	-
Mlig455_048268	TUBB4B	G2	-
Mlig455_048973	TUBB4B	G2	-
Mlig455_049575	TUBB4B	G2	-
Mlig455_065906	TUBB4B	G2	-
Mlig455_067614	TUBB4B	G2	-
Mlig455_067784	TUBB4B	G2	-
Mlig455_070026	TUBB4B	G2	
N.A.	GTSE1	G2	-
Mlig455_023041	KIF20B	G2	low-qual?
Mlig455_027693	KIF20B	G2	-
Mlig455_047757	KIF20B	G2	-
Mlig455_064084	KIF20B	G2	-
N.A.	HJURP	G2	-
N.A.	CDCA3	G2	-
N.A.	HN1	G2	-
Mlig455_031144	CDC20	G2	-
Mlig455_031153	CDC20	G2	-
Mlig455_019494	TTK	G2	-
Mlig455_045717	CDC25C	G2	-
Mlig455_060913	CDC25C	G2	-
Mlig455_060975	CDC25C	G2	-
N.A.	KIF2C	G2	-
Mlig455_048920	RANGAP1	G2	-
Mlig455_048920	RANGAP1	G2	-
Mlig455_047094	NCAPD2	G2	low-qual
Mlig455_064529	NCAPD2	G2	-
Mlig455_044256	DLGAP5	G2	low-qual?
N.A.	CDCA2	G2	-
N.A.	CDCA8	G2	-
Mlig455_000027	ECT2	G2	low-qual
Mlig455_000061	ECT2	G2	low-qual
Mlig455_015091	ECT2	G2	low-qual
Mlig455_015206	ECT2	G2	low-qual
Mlig455_022555	ECT2	G2	low-qual
Mlig455_026596	ECT2	G2	-
Mlig455_026699	ECT2	G2	-
Mlig455_027166	ECT2	G2	low-qual
Mlig455_042808	ECT2	G2	-
Mlig455_047846	ECT2	G2	low-qual?
Mlig455_047915	ECT2	G2	low-qual?
Mlig455_063730	ECT2	G2	low-qual
Mlig455_022729	KIF23	G2	-
Mlig455_022742	KIF23	G2	-
N.A.	HMMR	G2	-
Mlig455_014791	AURKA	G2	-
Mlig455_014848	AURKA	G2	-
Mlig455_015158	AURKA	G2	-
Mlig455_053926	AURKA	G2	low-qual
Mlig455_060567	AURKA	G2	low-qual
N.A.	PSRC1	G2	-
N.A.	ANLN	G2	-
Mlig455_013851	LBR	G2	-
Mlig455_059943	LBR	G2	-
Mlig455_003110	CKAP5	G2	-
Mlig455_062779	CKAP5	G2	-
Mlig455_028068	CENPE	G2	-
Mlig455_028131	CENPE	G2	-
Mlig455_028280	CENPE	G2	-
Mlig455_014600	CTCF	G2	-
Mlig455_030480	CTCF	G2	-
Mlig455_070725	CTCF	G2	-
Mlig455_004151	NEK2	G2	-
Mlig455_027891	NEK2	G2	-
Mlig455_041934	NEK2	G2	-
Mlig455_042008	NEK2	G2	-
Mlig455_042010	NEK2	G2	-
Mlig455_057675	NEK2	G2	-
Mlig455_066961	NEK2	G2	-
Mlig455_001214	G2E3	G2	-
Mlig455_044203	G2E3	G2	-
Mlig455_063886	GAS2L3	G2	-
Mlig455_000989	CBX5	G2	low-qual
Mlig455_008868	CBX5	G2	-
Mlig455_008967	CBX5	G2	-
Mlig455_023856	CBX5	G2	low-qual
Mlig455_034694	CBX5	G2	-
Mlig455_034744	CBX5	G2	low-qual
Mlig455_037519	CBX5	G2	low-qual
Mlig455_037599	CBX5	G2	low-qual
Mlig455_046523	CBX5	G2	low-qual
Mlig455_046626	CBX5	G2	low-qual
Mlig455_056303	CENPA	G2	-
Mlig455_056328	CENPA	G2	-
