Cell_tissue_type	Gene_ID	Product	CleanModuleID	CleanModuleIDBroad
1	stem_cells_progenitors	Mlig455-000131	RRM1	Progenitor	Progenitor
2	stem_cells_progenitors	Mlig455-014002	PIWIL2	Progenitor	Progenitor
3	stem_cells_progenitors	Mlig455-024405	DMRT1	Progenitor	Progenitor
4	stem_cells_progenitors	Mlig455-025291	PCNA	Progenitor	Progenitor
5	stem_cells_progenitors	Mlig455-031144	CDC20	Progenitor	Progenitor
6	stem_cells_progenitors	Mlig455-038336	DDX3A	Progenitor	Progenitor
7	stem_cells_progenitors	Mlig455-038361	DDX3B	Progenitor	Progenitor
8	stem_cells_progenitors	Mlig455-041437	PIWIL1	Progenitor	Progenitor
9	stem_cells_progenitors	Mlig455-046856	ARHGAP11A	Progenitor	Progenitor
10	stem_cells_progenitors	Mlig455-049353	H2AX	Progenitor	Progenitor
11	stem_cells_progenitors	Mlig455-060907	Macpiwi	Progenitor	Progenitor
12	stem_cells_progenitors	Mlig455-061703	HES1	Progenitor	Progenitor
13	stem_cells_progenitors	Mlig455-064533	TBX20	Progenitor	Progenitor
14	stem_cells_progenitors	Mlig455-068951	DDX39B1	Progenitor	Progenitor
15	nervous_system	Mlig455-026521	synaptotagmin	Neural	Neural
16	nervous_system	Mlig455-028180	synaptotagmin	Neural	Neural
17	nervous_system	Mlig455-067233	PC2	Neural	Neural
18	nervous_system	Mlig455-048030	SCO-spondin	Neural	Neural
19	muscle	Mlig455-034550	Troponin	Muscle	Muscle
20	muscle	Mlig455-049856	MYH6	Muscle	Muscle
21	gut	Mlig455-007319	Acetylcholinesterase	Gut	Gut
22	gut	Mlig455-022240	APOB	Gut	Gut
23	gut	Mlig455-031205	Alpha-tocopherol_transfer_protein-like	Gut	Gut
24	gut	Mlig455-047772	no_ORF_found	Gut	Gut
25	gut	Mlig455-048986	Acetylcholinesterase	Gut	Gut
26	gut	Mlig455-058429	vitellogenin_like	Gut	Gut
30	male_germline_testis	Mlig455-067671	alpha_tubulin	Testis	Male reproduction
31	male_germline_testis	Mlig455-000074	271_a.a._no_known_homology	Testis	Male reproduction
32	male_germline_testis	Mlig455-001859	protein_phosphatase_1	Testis	Male reproduction
33	male_germline_testis	Mlig455-015822	HSBP1	Testis	Male reproduction
34	male_germline_testis	Mlig455-017161	sperm-1	Testis	Male reproduction
35	male_germline_testis	Mlig455-020025	GLI_pathogenesis-related_1	Testis	Male reproduction
36	male_germline_testis	Mlig455-022868	FAM78A_FAM78B	Testis	Male reproduction
37	male_germline_testis	Mlig455-026487	transmenbrane_protein_no_known_homology	Testis	Male reproduction
38	male_germline_testis	Mlig455-028747	Kremen_receptor	Testis	Male reproduction
39	male_germline_testis	Mlig455-032286	protein_phosphatase_1	Testis	Male reproduction
40	male_germline_testis	Mlig455-033443	hypoxia_up-regulated_protein_1	Testis	Male reproduction
41	male_germline_testis	Mlig455-033856	tubulin_tyrosine_ligase_tubulin_polyglutamylase	Testis	Male reproduction
42	male_germline_testis	Mlig455-033958	serine_threonine_protein_kinase_DCLK2	Testis	Male reproduction
43	male_germline_testis	Mlig455-035195	FAM78A_FAM78B	Testis	Male reproduction
44	male_germline_testis	Mlig455-037952	ACCN2	Testis	Male reproduction
45	male_germline_testis	Mlig455-040068	Galactose-bd-like-sf_Sperma-CUB-dom-sf_Insulin-like-sf	Testis	Male reproduction
46	male_germline_testis	Mlig455-043943	Znf-CCCH	Testis	Male reproduction
47	male_germline_testis	Mlig455-044341	EF-Hand_domain-containing	Testis	Male reproduction
48	male_germline_testis	Mlig455-044579	Pyridoxamine_5'-phosphate_oxidase	Testis	Male reproduction
49	male_germline_testis	Mlig455-046680	HHAT	Testis	Male reproduction
50	male_germline_testis	Mlig455-047766	Tetraspanin_Peripherin	Testis	Male reproduction
51	male_germline_testis	Mlig455-048112	sperm-1	Testis	Male reproduction
52	male_germline_testis	Mlig455-048505	protein_polyglycylase_TTLL10	Testis	Male reproduction
53	male_germline_testis	Mlig455-051363	elav-like_protein_2	Testis	Male reproduction
54	male_germline_testis	Mlig455-051392	DNA_polymerase_processivity_subunit	Testis	Male reproduction
55	male_germline_testis	Mlig455-053614	CALPN9	Testis	Male reproduction
56	male_germline_testis	Mlig455-053926	cGMP-dependent_protein_kinase	Testis	Male reproduction
57	male_germline_testis	Mlig455-054761	Creatine_Kinase	Testis	Male reproduction
58	male_germline_testis	Mlig455-055907	BOLL	Testis	Male reproduction
59	male_germline_testis	Mlig455-058079	Macbol2	Testis	Male reproduction
60	male_germline_testis	Mlig455-065488	ELAV4	Testis	Male reproduction
61	cement_gland_cell	Mlig455-009889	histidine-rich_glycoprotein-like	Cement Gland	Secretory Cells
62	cement_gland_cell	Mlig455-016403	Cacna1d_(L-type_Ca2+_channel_alpha_subunit)	Cement Gland	Secretory Cells
63	cement_gland_cell	Mlig455-029729	collagen_alpha-1(VII)	Cement Gland	Secretory Cells
64	cement_gland_cell	Mlig455-034051	collagen_alpha-1(VII)	Cement Gland	Secretory Cells
65	cement_gland_cell	Mlig455-034074	collagen_alpha-1(VII)	Cement Gland	Secretory Cells
66	cement_gland_cell	Mlig455-038368	galactose_binding_lectin_domain	Cement Gland	Secretory Cells
67	cement_gland_cell	Mlig455-041329	secreted_protein_no_known_homology	Cement Gland	Secretory Cells
68	cement_gland_cell	Mlig455-056926	methionine--tRNA_ligase_cytoplasmic	Cement Gland	Secretory Cells
69	cement_gland_cell	Mlig455-060952	secreted_serine_protease_inhibitor	Cement Gland	Secretory Cells
70	cement_gland_cell	Mlig455-062608	discoidin_domain-containing	Cement Gland	Secretory Cells
71	cement_gland_cell	Mlig455-067815	Peroxidasin-like_protein	Cement Gland	Secretory Cells
72	cement_gland_cell	Mlig455-068287	galactose_binding_lectin_domain-containing_protein	Cement Gland	Secretory Cells
73	rhabdite-containing_cell	Mlig455-052373	Kremen_receptor	Rhabdite-Containing	Secretory Cells
74	rhabdite-containing_cell	Mlig455-095225	glutathione-S-transferase	Rhabdite-Containing	Secretory Cells
75	rhabdite-containing_cell	Mlig455-056893	transmembrane_protein_no_known_homology	Rhabdite-Containing	Secretory Cells
76	rhabdite-containing_cell	Mlig455-056926	no_ORF_found	Rhabdite-Containing	Secretory Cells
77	female_antrum	Mlig455-004861	mucin	Female Antrum	Female reproduction
78	female_antrum	Mlig455-016219	coiled_domains_no_known_homology	Female Antrum	Female reproduction
79	female_antrum	Mlig455-060175	neural_cadherin	Female Antrum	Female reproduction
80	female_antrum	Mlig455-066568	carboxypeptidase_B	Female Antrum	Female reproduction
81	gut_specialized_cell	Mlig455-019540	153_a.a._no_known_homology	Secretory Gut	Secretory Cells
82	gut_specialized_cell	Mlig455-030884	pancreatic_triacylglycerol_lipase-like	Secretory Gut	Secretory Cells
83	gut_specialized_cell	Mlig455-033579	phospholipase_B1	Secretory Gut	Secretory Cells
84	epidermal_secretory_cell	Mlig455-017088	Similar_to_mucins_and_adhesion_organ_adhesion_proteins	Epidermal Secretory	Secretory Cells
85	female_germline_ovary	Mlig455-000126	mucin-like	Ovary	Female reproduction
86	female_germline_ovary	Mlig455-004244	GLIPR1-like_protein_1	Ovary	Female reproduction
87	female_germline_ovary	Mlig455-007607	726_a.a._no_known_homology	Ovary	Female reproduction
88	female_germline_ovary	Mlig455-012865	cytoplasmic_actin	Ovary	Female reproduction
89	female_germline_ovary	Mlig455-019983	Spatial_TBATA-like	Ovary	Female reproduction
90	female_germline_ovary	Mlig455-023093	snake_toxin-like_transmembrane_protein	Ovary	Female reproduction
91	female_germline_ovary	Mlig455-028845	349_a.a._no_known_homology	Ovary	Female reproduction
92	female_germline_ovary	Mlig455-034083	endoglucanase-like	Ovary	Female reproduction
93	female_germline_ovary	Mlig455-038112	Spatial_TBATA-like	Ovary	Female reproduction
94	female_germline_ovary	Mlig455-041946	secreted_protein_no_known_homology	Ovary	Female reproduction
95	female_germline_ovary	Mlig455-043768	ccr4_not_transcription_complex	Ovary	Female reproduction
96	female_germline_ovary	Mlig455-043940	Macbol3	Ovary	Female reproduction
97	female_germline_ovary	Mlig455-044018	Macbol3	Ovary	Female reproduction
98	female_germline_ovary	Mlig455-053929	526_a.a._no_known_homology	Ovary	Female reproduction
99	female_germline_ovary	Mlig455-054167	CABP7	Ovary	Female reproduction
100	female_germline_ovary	Mlig455-054492	396_a.a._no_known_homology	Ovary	Female reproduction
101	female_germline_ovary	Mlig455-069651	von_Willebrand_Factor_Type_A_domain-containing	Ovary	Female reproduction
102	secretory_cell_of_adhesive_organ	Mlig455-040314	adhesion_protein_1	Secretory Cell of Adhesive Organ	Secretory Cells
103	secretory_cell_of_adhesive_organ	Mlig455-043924	secreted_protein_no_known_homology	Secretory Cell of Adhesive Organ	Secretory Cells
104	secretory_cell_of_adhesive_organ	Mlig455-062382	adhesion_protein_2	Secretory Cell of Adhesive Organ	Secretory Cells
105	secretory_cell_of_adhesive_organ	Mlig455-062409	adhesion_protein_2	Secretory Cell of Adhesive Organ	Secretory Cells
106	secretory_cell_of_adhesive_organ	Mlig455-066519	adhesion_protein_1	Secretory Cell of Adhesive Organ	Secretory Cells
107	secretory_cell_of_adhesive_organ	Mlig455-068240	adhesion_protein_2	Secretory Cell of Adhesive Organ	Secretory Cells
108	prostate	Mlig455-005640	glycoside_hydrolase_family_55_protein	Prostate	Male reproduction
109	prostate	Mlig455-006471	peroxidin	Prostate	Male reproduction
110	prostate	Mlig455-006480	Lian-Aa1_retrotransposon_protein	Prostate	Male reproduction
111	prostate	Mlig455-006594	peroxidin	Prostate	Male reproduction
112	prostate	Mlig455-008678	Kremen_receptor	Prostate	Male reproduction
113	prostate	Mlig455-011249	SVEP1	Prostate	Male reproduction
114	prostate	Mlig455-014663	microfibril-associated_glycoprotein_4-like	Prostate	Male reproduction
115	prostate	Mlig455-015738	LRR_receptor-like_serine_threonine-protein_kinase_GSO1	Prostate	Male reproduction
116	prostate	Mlig455-017598	glycerophosphocholine_phosphodiesterase_GPCPD1	Prostate	Male reproduction
117	prostate	Mlig455-019854	secreted_protein_no_known_homology	Prostate	Male reproduction
118	prostate	Mlig455-028683	cell_surface_hyaluronidase-like	Prostate	Male reproduction
119	prostate	Mlig455-031790	Lian-Aa1_retrotransposon_protein	Prostate	Male reproduction
120	prostate	Mlig455-035671	scribble	Prostate	Male reproduction
121	prostate	Mlig455-036141	LRR_receptor-like_serine_threonine-protein_kinase_GSO1	Prostate	Male reproduction
122	prostate	Mlig455-042393	ficolin-2-like	Prostate	Male reproduction
123	prostate	Mlig455-042481	DUF1573_domain-containing	Prostate	Male reproduction
124	prostate	Mlig455-046098	beta-16-N-acetylglucosaminyltransferase	Prostate	Male reproduction
125	prostate	Mlig455-046101	beta-16-N-acetylglucosaminyltransferase	Prostate	Male reproduction
126	prostate	Mlig455-046137	plasminogen-like	Prostate	Male reproduction
127	prostate	Mlig455-046139	WSC_domain-containing	Prostate	Male reproduction
128	prostate	Mlig455-052530	WSC_domain-containing	Prostate	Male reproduction
129	prostate	Mlig455-059477	WSC_domain-containing	Prostate	Male reproduction
130	prostate	Mlig455-059488	amiloride-sensitive_sodium_channel	Prostate	Male reproduction
131	prostate	Mlig455-060141	DMBT1	Prostate	Male reproduction
132	prostate	Mlig455-062412	ryncolin-1-like	Prostate	Male reproduction
133	prostate	Mlig455-062414	ficolin-2-like	Prostate	Male reproduction
