Cell_tissue_type	Gene_ID	Product
stem_cells_progenitors	Mlig455-000131	RRM1
stem_cells_progenitors	Mlig455-014002	PIWIL2
stem_cells_progenitors	Mlig455-024405	DMRT1
stem_cells_progenitors	Mlig455-025291	PCNA
stem_cells_progenitors	Mlig455-031144	CDC20
stem_cells_progenitors	Mlig455-038336	DDX3A
stem_cells_progenitors	Mlig455-038361	DDX3B
stem_cells_progenitors	Mlig455-041437	PIWIL1
stem_cells_progenitors	Mlig455-046856	ARHGAP11A
stem_cells_progenitors	Mlig455-049353	H2AX
stem_cells_progenitors	Mlig455-060907	Macpiwi
stem_cells_progenitors	Mlig455-061703	HES1
stem_cells_progenitors	Mlig455-064533	TBX20
stem_cells_progenitors	Mlig455-068951	DDX39B1
nervous_system	Mlig455-026521	synaptotagmin
nervous_system	Mlig455-028180	synaptotagmin
nervous_system	Mlig455-067233	PC2
nervous_system	Mlig455-048030	SCO-spondin
muscle	Mlig455-034550	Troponin
muscle	Mlig455-049856	MYH6
gut	Mlig455-007319	Acetylcholinesterase
gut	Mlig455-022240	APOB
gut	Mlig455-031205	Alpha-tocopherol_transfer_protein-like
gut	Mlig455-047772	no_ORF_found
gut	Mlig455-048986	Acetylcholinesterase
gut	Mlig455-058429	vitellogenin_like
anchor_cell_of_adhesive_organ	Mlig455-010811	Macif-1_(intermediate_filament-1)
anchor_cell_of_adhesive_organ	Mlig455-027628	calmodulin-like
anchor_cell_of_adhesive_organ	Mlig455-033230	intermediate_filament-b_like
male_germline_testis	Mlig455-067671	alpha_tubulin
male_germline_testis	Mlig455-000074	271_a.a._no_known_homology
male_germline_testis	Mlig455-001859	protein_phosphatase_1
male_germline_testis	Mlig455-015822	HSBP1
male_germline_testis	Mlig455-017161	sperm-1
male_germline_testis	Mlig455-020025	GLI_pathogenesis-related_1
male_germline_testis	Mlig455-022868	FAM78A_FAM78B
male_germline_testis	Mlig455-026487	transmenbrane_protein_no_known_homology
male_germline_testis	Mlig455-028747	Kremen_receptor
male_germline_testis	Mlig455-032286	protein_phosphatase_1
male_germline_testis	Mlig455-033443	hypoxia_up-regulated_protein_1
male_germline_testis	Mlig455-033856	tubulin_tyrosine_ligase_tubulin_polyglutamylase
male_germline_testis	Mlig455-033958	serine_threonine_protein_kinase_DCLK2
male_germline_testis	Mlig455-035195	FAM78A_FAM78B
male_germline_testis	Mlig455-037952	ACCN2
male_germline_testis	Mlig455-040068	Galactose-bd-like-sf_Sperma-CUB-dom-sf_Insulin-like-sf
male_germline_testis	Mlig455-043943	Znf-CCCH
male_germline_testis	Mlig455-044341	EF-Hand_domain-containing
male_germline_testis	Mlig455-044579	Pyridoxamine_5'-phosphate_oxidase
male_germline_testis	Mlig455-046680	HHAT
male_germline_testis	Mlig455-047766	Tetraspanin_Peripherin
male_germline_testis	Mlig455-048112	sperm-1
male_germline_testis	Mlig455-048505	protein_polyglycylase_TTLL10
male_germline_testis	Mlig455-051363	elav-like_protein_2
male_germline_testis	Mlig455-051392	DNA_polymerase_processivity_subunit
male_germline_testis	Mlig455-053614	CALPN9
male_germline_testis	Mlig455-053926	cGMP-dependent_protein_kinase
male_germline_testis	Mlig455-054761	Creatine_Kinase
male_germline_testis	Mlig455-055907	BOLL
male_germline_testis	Mlig455-058079	Macbol2
male_germline_testis	Mlig455-065488	ELAV4
cement_gland_cell	Mlig455-009889	histidine-rich_glycoprotein-like
cement_gland_cell	Mlig455-016403	Cacna1d_(L-type_Ca2+_channel_alpha_subunit)
cement_gland_cell	Mlig455-029729	collagen_alpha-1(VII)
cement_gland_cell	Mlig455-034051	collagen_alpha-1(VII)
cement_gland_cell	Mlig455-034074	collagen_alpha-1(VII)
cement_gland_cell	Mlig455-038368	galactose_binding_lectin_domain
cement_gland_cell	Mlig455-041329	secreted_protein_no_known_homology
cement_gland_cell	Mlig455-056926	methionine--tRNA_ligase_cytoplasmic
cement_gland_cell	Mlig455-060952	secreted_serine_protease_inhibitor
cement_gland_cell	Mlig455-062608	discoidin_domain-containing
cement_gland_cell	Mlig455-067815	Peroxidasin-like_protein
cement_gland_cell	Mlig455-068287	galactose_binding_lectin_domain-containing_protein
rhabdite-containing_cell	Mlig455-052373	Kremen_receptor
rhabdite-containing_cell	Mlig455-095225	glutathione-S-transferase
rhabdite-containing_cell	Mlig455-056893	transmembrane_protein_no_known_homology
rhabdite-containing_cell	Mlig455-056926	no_ORF_found
female_antrum	Mlig455-004861	mucin
female_antrum	Mlig455-016219	coiled_domains_no_known_homology
female_antrum	Mlig455-060175	neural_cadherin
female_antrum	Mlig455-066568	carboxypeptidase_B
gut_specialized_cell	Mlig455-019540	153_a.a._no_known_homology
gut_specialized_cell	Mlig455-030884	pancreatic_triacylglycerol_lipase-like
gut_specialized_cell	Mlig455-033579	phospholipase_B1
epidermal_secretory_cell	Mlig455-017088	Similar_to_mucins_and_adhesion_organ_adhesion_proteins
female_germline_ovary	Mlig455-000126	mucin-like
female_germline_ovary	Mlig455-004244	GLIPR1-like_protein_1
female_germline_ovary	Mlig455-007607	726_a.a._no_known_homology
female_germline_ovary	Mlig455-012865	cytoplasmic_actin
female_germline_ovary	Mlig455-019983	Spatial_TBATA-like
female_germline_ovary	Mlig455-023093	snake_toxin-like_transmembrane_protein
female_germline_ovary	Mlig455-028845	349_a.a._no_known_homology
female_germline_ovary	Mlig455-034083	endoglucanase-like
female_germline_ovary	Mlig455-038112	Spatial_TBATA-like
female_germline_ovary	Mlig455-041946	secreted_protein_no_known_homology
female_germline_ovary	Mlig455-043768	ccr4_not_transcription_complex
female_germline_ovary	Mlig455-043940	Macbol3
female_germline_ovary	Mlig455-044018	Macbol3
female_germline_ovary	Mlig455-053929	526_a.a._no_known_homology
female_germline_ovary	Mlig455-054167	CABP7
female_germline_ovary	Mlig455-054492	396_a.a._no_known_homology
female_germline_ovary	Mlig455-069651	von_Willebrand_Factor_Type_A_domain-containing
secretory_cell_of_adhesive_organ	Mlig455-040314	adhesion_protein_1
secretory_cell_of_adhesive_organ	Mlig455-043924	secreted_protein_no_known_homology
secretory_cell_of_adhesive_organ	Mlig455-062382	adhesion_protein_2
secretory_cell_of_adhesive_organ	Mlig455-062409	adhesion_protein_2
secretory_cell_of_adhesive_organ	Mlig455-066519	adhesion_protein_1
secretory_cell_of_adhesive_organ	Mlig455-068240	adhesion_protein_2
prostate	Mlig455-005640	glycoside_hydrolase_family_55_protein
prostate	Mlig455-006471	peroxidin
prostate	Mlig455-006480	Lian-Aa1_retrotransposon_protein
prostate	Mlig455-006594	peroxidin
prostate	Mlig455-008678	Kremen_receptor
prostate	Mlig455-011249	SVEP1
prostate	Mlig455-014663	microfibril-associated_glycoprotein_4-like
prostate	Mlig455-015738	LRR_receptor-like_serine_threonine-protein_kinase_GSO1
prostate	Mlig455-017598	glycerophosphocholine_phosphodiesterase_GPCPD1
prostate	Mlig455-019854	secreted_protein_no_known_homology
prostate	Mlig455-028683	cell_surface_hyaluronidase-like
prostate	Mlig455-031790	Lian-Aa1_retrotransposon_protein
prostate	Mlig455-035671	scribble
prostate	Mlig455-036141	LRR_receptor-like_serine_threonine-protein_kinase_GSO1
prostate	Mlig455-042393	ficolin-2-like
prostate	Mlig455-042481	DUF1573_domain-containing
prostate	Mlig455-046098	beta-16-N-acetylglucosaminyltransferase
prostate	Mlig455-046101	beta-16-N-acetylglucosaminyltransferase
prostate	Mlig455-046137	plasminogen-like
prostate	Mlig455-046139	WSC_domain-containing
prostate	Mlig455-052530	WSC_domain-containing
prostate	Mlig455-059477	WSC_domain-containing
prostate	Mlig455-059488	amiloride-sensitive_sodium_channel
prostate	Mlig455-060141	DMBT1
prostate	Mlig455-062412	ryncolin-1-like
prostate	Mlig455-062414	ficolin-2-like
epidermal	Mlig455-000618	vim-1
epidermal	Mlig455-009239	vim-1
epidermal	Mlig455-009645	vim-1
epidermal	Mlig455-034149	vim-1
epidermal	Mlig455-037058	vim-1
epidermal	Mlig455-000618	ifp
epidermal	Mlig455-006262	ifp
epidermal	Mlig455-009239	ifp
epidermal	Mlig455-009645	ifp
epidermal	Mlig455-034149	ifp
epidermal	Mlig455-037058	ifp
epidermal	Mlig455-054762	ifp
