RawSampleID	CleanSampleID	HexCode	ColorName
2_Adult_Unsorted_DASH	Adult 1	#A5D66A	Lime
2_Adult_Unsorted	Adult 2	#66A61E	Basil
7_Sorted_Adult	Adult 3	#33691E	Rosemary
17_0_1d_Hatchlings	0/1 Day Hatchlings 1	#F4A3C2	CottonCandy
18_0_1d_Hatchling	0/1 Day Hatchlings 2	#E7298A	Raspberry
19_0_1d_Hatchling	0/1 Day Hatchlings 3	#A61C64	Plum
11_unsorted_3dph	3-Day Juveniles 1	#B2ABD2	Lavender
12_unsorted_3dph	3-Day Juveniles 2	#7570B3	Blueberry
16_3d_juveniles	3-Day Juveniles 3	#4A4887	Blackberry
8_unsorted_Hatchling_7d	7-Day Juveniles 1	#F4A261	Peach
9_unsorted_Hatchling_7d	7-Day Juveniles 2	#D95F02	Tangerine
15_7d_juveniles	7-Day Juveniles 3	#A24A00	BurntMandarin
